id,title,category,category_name,use_case,difficulty,aspect_ratio,prompt,negative_prompt,image,try_url
"product-photography-001","Minimal Wireless Charger","product-photography","Product Photography","premium ecommerce hero image","easy","1:1 or 16:9","Build a premium ecommerce hero image that feels ready for a real storefront, not a generic stock render.

Frame the subject like a premium product launch: a matte black wireless charging dock for a smartphone and earbuds. Use a clean surface, controlled studio lighting, realistic shadows, and enough negative space for a landing page crop.

Art direction: polished, practical, visually specific, and suitable for a public prompt library.

Avoid: warped geometry, random logos, accidental text, duplicated objects, messy backgrounds, watermark, and low-resolution artifacts.","watermark, unreadable text, random logos, warped hands or objects, duplicated subjects, messy background, low-resolution artifacts, unwanted typography","images/product-photography/product-photography-001-minimal-wireless-charger.svg","https://gptimg2.art/"
"product-photography-002","Glass Skincare Bottle","product-photography","Product Photography","beauty product listing image","medium","1:1 or 16:9","Build a beauty product listing image that feels ready for a real storefront, not a generic stock render.

Frame the subject like a premium product launch: a translucent amber skincare serum bottle with a matte cream label. Use a clean surface, controlled studio lighting, realistic shadows, and enough negative space for a landing page crop.

Art direction: polished, practical, visually specific, and suitable for a public prompt library.

Avoid: warped geometry, random logos, accidental text, duplicated objects, messy backgrounds, watermark, and low-resolution artifacts.","watermark, unreadable text, random logos, warped hands or objects, duplicated subjects, messy background, low-resolution artifacts, unwanted typography","images/product-photography/product-photography-002-glass-skincare-bottle.svg","https://gptimg2.art/"
"product-photography-003","Ceramic Coffee Mug","product-photography","Product Photography","lifestyle product hero image","advanced","1:1 or 16:9","Build a lifestyle product hero image that feels ready for a real storefront, not a generic stock render.

Frame the subject like a premium product launch: a handmade speckled ceramic coffee mug with a soft curved handle. Use a clean surface, controlled studio lighting, realistic shadows, and enough negative space for a landing page crop.

Art direction: polished, practical, visually specific, and suitable for a public prompt library.

Avoid: warped geometry, random logos, accidental text, duplicated objects, messy backgrounds, watermark, and low-resolution artifacts.","watermark, unreadable text, random logos, warped hands or objects, duplicated subjects, messy background, low-resolution artifacts, unwanted typography","images/product-photography/product-photography-003-ceramic-coffee-mug.svg","https://gptimg2.art/"
"product-photography-004","Running Shoe Detail","product-photography","Product Photography","sport ecommerce detail shot","easy","1:1 or 16:9","Build a sport ecommerce detail shot that feels ready for a real storefront, not a generic stock render.

Frame the subject like a premium product launch: a lightweight running shoe with breathable mesh and reflective trim. Use a clean surface, controlled studio lighting, realistic shadows, and enough negative space for a landing page crop.

Art direction: polished, practical, visually specific, and suitable for a public prompt library.

Avoid: warped geometry, random logos, accidental text, duplicated objects, messy backgrounds, watermark, and low-resolution artifacts.","watermark, unreadable text, random logos, warped hands or objects, duplicated subjects, messy background, low-resolution artifacts, unwanted typography","images/product-photography/product-photography-004-running-shoe-detail.svg","https://gptimg2.art/"
"product-photography-005","Desk Lamp Launch","product-photography","Product Photography","landing page product render","medium","1:1 or 16:9","Build a landing page product render that feels ready for a real storefront, not a generic stock render.

Frame the subject like a premium product launch: a brushed aluminum adjustable desk lamp with a warm LED strip. Use a clean surface, controlled studio lighting, realistic shadows, and enough negative space for a landing page crop.

Art direction: polished, practical, visually specific, and suitable for a public prompt library.

Avoid: warped geometry, random logos, accidental text, duplicated objects, messy backgrounds, watermark, and low-resolution artifacts.","watermark, unreadable text, random logos, warped hands or objects, duplicated subjects, messy background, low-resolution artifacts, unwanted typography","images/product-photography/product-photography-005-desk-lamp-launch.svg","https://gptimg2.art/"
"product-photography-006","Reusable Water Bottle","product-photography","Product Photography","marketplace catalog image","advanced","1:1 or 16:9","Build a marketplace catalog image that feels ready for a real storefront, not a generic stock render.

Frame the subject like a premium product launch: a stainless steel reusable water bottle with a powder coated finish. Use a clean surface, controlled studio lighting, realistic shadows, and enough negative space for a landing page crop.

Art direction: polished, practical, visually specific, and suitable for a public prompt library.

Avoid: warped geometry, random logos, accidental text, duplicated objects, messy backgrounds, watermark, and low-resolution artifacts.","watermark, unreadable text, random logos, warped hands or objects, duplicated subjects, messy background, low-resolution artifacts, unwanted typography","images/product-photography/product-photography-006-reusable-water-bottle.svg","https://gptimg2.art/"
"product-photography-007","Smartwatch Strap Set","product-photography","Product Photography","accessory comparison image","easy","1:1 or 16:9","Build an accessory comparison image that feels ready for a real storefront, not a generic stock render.

Frame the subject like a premium product launch: three interchangeable smartwatch straps in silicone, nylon, and leather. Use a clean surface, controlled studio lighting, realistic shadows, and enough negative space for a landing page crop.

Art direction: polished, practical, visually specific, and suitable for a public prompt library.

Avoid: warped geometry, random logos, accidental text, duplicated objects, messy backgrounds, watermark, and low-resolution artifacts.","watermark, unreadable text, random logos, warped hands or objects, duplicated subjects, messy background, low-resolution artifacts, unwanted typography","images/product-photography/product-photography-007-smartwatch-strap-set.svg","https://gptimg2.art/"
"product-photography-008","Artisan Chocolate Box","product-photography","Product Photography","premium food product photo","medium","1:1 or 16:9","Build a premium food product photo that feels ready for a real storefront, not a generic stock render.

Frame the subject like a premium product launch: a luxury chocolate gift box with twelve pieces and gold foil details. Use a clean surface, controlled studio lighting, realistic shadows, and enough negative space for a landing page crop.

Art direction: polished, practical, visually specific, and suitable for a public prompt library.

Avoid: warped geometry, random logos, accidental text, duplicated objects, messy backgrounds, watermark, and low-resolution artifacts.","watermark, unreadable text, random logos, warped hands or objects, duplicated subjects, messy background, low-resolution artifacts, unwanted typography","images/product-photography/product-photography-008-artisan-chocolate-box.svg","https://gptimg2.art/"
"readable-text-001","Launch Poster","readable-text","Readable Text Posters","startup announcement visual","easy","4:5 or 9:16","Design a startup announcement visual where the message is the hero and the typography survives thumbnail size.

The central visual is a clean launch poster with the headline NEW CREATIVE TOOLS. Keep the exact words large and legible, avoid extra lettering, and make the layout feel intentionally designed rather than decorated.

Art direction: polished, practical, visually specific, and suitable for a public prompt library.

Avoid: warped geometry, random logos, accidental text, duplicated objects, messy backgrounds, watermark, and low-resolution artifacts.","watermark, unreadable text, random logos, warped hands or objects, duplicated subjects, messy background, low-resolution artifacts, extra words","images/readable-text/readable-text-001-launch-poster.svg","https://gptimg2.art/"
"readable-text-002","Workshop Flyer","readable-text","Readable Text Posters","event promotion poster","medium","4:5 or 9:16","Design an event promotion poster where the message is the hero and the typography survives thumbnail size.

The central visual is a vertical workshop flyer with the headline PROMPT LAB. Keep the exact words large and legible, avoid extra lettering, and make the layout feel intentionally designed rather than decorated.

Art direction: polished, practical, visually specific, and suitable for a public prompt library.

Avoid: warped geometry, random logos, accidental text, duplicated objects, messy backgrounds, watermark, and low-resolution artifacts.","watermark, unreadable text, random logos, warped hands or objects, duplicated subjects, messy background, low-resolution artifacts, extra words","images/readable-text/readable-text-002-workshop-flyer.svg","https://gptimg2.art/"
"readable-text-003","Quote Card","readable-text","Readable Text Posters","social media quote graphic","advanced","4:5 or 9:16","Design a social media quote graphic where the message is the hero and the typography survives thumbnail size.

The central visual is an editorial quote card with the phrase MAKE THE IDEA VISIBLE. Keep the exact words large and legible, avoid extra lettering, and make the layout feel intentionally designed rather than decorated.

Art direction: polished, practical, visually specific, and suitable for a public prompt library.

Avoid: warped geometry, random logos, accidental text, duplicated objects, messy backgrounds, watermark, and low-resolution artifacts.","watermark, unreadable text, random logos, warped hands or objects, duplicated subjects, messy background, low-resolution artifacts, extra words","images/readable-text/readable-text-003-quote-card.svg","https://gptimg2.art/"
"readable-text-004","Sale Banner","readable-text","Readable Text Posters","campaign banner","easy","4:5 or 9:16","Design a campaign banner where the message is the hero and the typography survives thumbnail size.

The central visual is a modern ecommerce banner with the headline WINTER STUDIO SALE. Keep the exact words large and legible, avoid extra lettering, and make the layout feel intentionally designed rather than decorated.

Art direction: polished, practical, visually specific, and suitable for a public prompt library.

Avoid: warped geometry, random logos, accidental text, duplicated objects, messy backgrounds, watermark, and low-resolution artifacts.","watermark, unreadable text, random logos, warped hands or objects, duplicated subjects, messy background, low-resolution artifacts, extra words","images/readable-text/readable-text-004-sale-banner.svg","https://gptimg2.art/"
"readable-text-005","Music Poster","readable-text","Readable Text Posters","music event poster","medium","4:5 or 9:16","Design a music event poster where the message is the hero and the typography survives thumbnail size.

The central visual is a minimal concert poster with the headline MIDNIGHT SYNTHS. Keep the exact words large and legible, avoid extra lettering, and make the layout feel intentionally designed rather than decorated.

Art direction: polished, practical, visually specific, and suitable for a public prompt library.

Avoid: warped geometry, random logos, accidental text, duplicated objects, messy backgrounds, watermark, and low-resolution artifacts.","watermark, unreadable text, random logos, warped hands or objects, duplicated subjects, messy background, low-resolution artifacts, extra words","images/readable-text/readable-text-005-music-poster.svg","https://gptimg2.art/"
"readable-text-006","App Update Card","readable-text","Readable Text Posters","SaaS release image","advanced","4:5 or 9:16","Design a SaaS release image where the message is the hero and the typography survives thumbnail size.

The central visual is a product update card with the text VERSION 2.0. Keep the exact words large and legible, avoid extra lettering, and make the layout feel intentionally designed rather than decorated.

Art direction: polished, practical, visually specific, and suitable for a public prompt library.

Avoid: warped geometry, random logos, accidental text, duplicated objects, messy backgrounds, watermark, and low-resolution artifacts.","watermark, unreadable text, random logos, warped hands or objects, duplicated subjects, messy background, low-resolution artifacts, extra words","images/readable-text/readable-text-006-app-update-card.svg","https://gptimg2.art/"
"readable-text-007","Coffee Menu","readable-text","Readable Text Posters","restaurant menu visual","easy","4:5 or 9:16","Design a restaurant menu visual where the message is the hero and the typography survives thumbnail size.

The central visual is a small cafe menu board with clear prices and item names. Keep the exact words large and legible, avoid extra lettering, and make the layout feel intentionally designed rather than decorated.

Art direction: polished, practical, visually specific, and suitable for a public prompt library.

Avoid: warped geometry, random logos, accidental text, duplicated objects, messy backgrounds, watermark, and low-resolution artifacts.","watermark, unreadable text, random logos, warped hands or objects, duplicated subjects, messy background, low-resolution artifacts, extra words","images/readable-text/readable-text-007-coffee-menu.svg","https://gptimg2.art/"
"readable-text-008","Book Cover","readable-text","Readable Text Posters","publishing concept","medium","4:5 or 9:16","Design a publishing concept where the message is the hero and the typography survives thumbnail size.

The central visual is a contemporary book cover with the title THE VISUAL BRIEF. Keep the exact words large and legible, avoid extra lettering, and make the layout feel intentionally designed rather than decorated.

Art direction: polished, practical, visually specific, and suitable for a public prompt library.

Avoid: warped geometry, random logos, accidental text, duplicated objects, messy backgrounds, watermark, and low-resolution artifacts.","watermark, unreadable text, random logos, warped hands or objects, duplicated subjects, messy background, low-resolution artifacts, extra words","images/readable-text/readable-text-008-book-cover.svg","https://gptimg2.art/"
"ui-mockups-001","Analytics Dashboard","ui-mockups","UI Mockups","SaaS hero mockup","easy","1:1 or 16:9","Create a SaaS hero mockup that looks like a product team could ship it tomorrow.

The interface concept is a clean analytics dashboard for creator revenue and audience growth. Show believable navigation, hierarchy, cards, controls, and empty states without filling the screen with tiny unreadable labels.

Art direction: polished, practical, visually specific, and suitable for a public prompt library.

Avoid: warped geometry, random logos, accidental text, duplicated objects, messy backgrounds, watermark, and low-resolution artifacts.","watermark, unreadable text, random logos, warped hands or objects, duplicated subjects, messy background, low-resolution artifacts, unwanted typography","images/ui-mockups/ui-mockups-001-analytics-dashboard.svg","https://gptimg2.art/"
"ui-mockups-002","Mobile Finance App","ui-mockups","UI Mockups","app store preview","medium","1:1 or 16:9","Create an app store preview that looks like a product team could ship it tomorrow.

The interface concept is a mobile app screen for budgeting and subscription tracking. Show believable navigation, hierarchy, cards, controls, and empty states without filling the screen with tiny unreadable labels.

Art direction: polished, practical, visually specific, and suitable for a public prompt library.

Avoid: warped geometry, random logos, accidental text, duplicated objects, messy backgrounds, watermark, and low-resolution artifacts.","watermark, unreadable text, random logos, warped hands or objects, duplicated subjects, messy background, low-resolution artifacts, unwanted typography","images/ui-mockups/ui-mockups-002-mobile-finance-app.svg","https://gptimg2.art/"
"ui-mockups-003","AI Editor Interface","ui-mockups","UI Mockups","product screenshot concept","advanced","1:1 or 16:9","Create a product screenshot concept that looks like a product team could ship it tomorrow.

The interface concept is an AI image editor interface with prompt panel and before-after preview. Show believable navigation, hierarchy, cards, controls, and empty states without filling the screen with tiny unreadable labels.

Art direction: polished, practical, visually specific, and suitable for a public prompt library.

Avoid: warped geometry, random logos, accidental text, duplicated objects, messy backgrounds, watermark, and low-resolution artifacts.","watermark, unreadable text, random logos, warped hands or objects, duplicated subjects, messy background, low-resolution artifacts, unwanted typography","images/ui-mockups/ui-mockups-003-ai-editor-interface.svg","https://gptimg2.art/"
"ui-mockups-004","Travel Planner","ui-mockups","UI Mockups","mobile UI concept","easy","1:1 or 16:9","Create a mobile UI concept that looks like a product team could ship it tomorrow.

The interface concept is a trip planning app with itinerary cards, map preview, and weather. Show believable navigation, hierarchy, cards, controls, and empty states without filling the screen with tiny unreadable labels.

Art direction: polished, practical, visually specific, and suitable for a public prompt library.

Avoid: warped geometry, random logos, accidental text, duplicated objects, messy backgrounds, watermark, and low-resolution artifacts.","watermark, unreadable text, random logos, warped hands or objects, duplicated subjects, messy background, low-resolution artifacts, unwanted typography","images/ui-mockups/ui-mockups-004-travel-planner.svg","https://gptimg2.art/"
"ui-mockups-005","Team Kanban","ui-mockups","UI Mockups","productivity tool mockup","medium","1:1 or 16:9","Create a productivity tool mockup that looks like a product team could ship it tomorrow.

The interface concept is a collaborative kanban board with tasks, avatars, and priority tags. Show believable navigation, hierarchy, cards, controls, and empty states without filling the screen with tiny unreadable labels.

Art direction: polished, practical, visually specific, and suitable for a public prompt library.

Avoid: warped geometry, random logos, accidental text, duplicated objects, messy backgrounds, watermark, and low-resolution artifacts.","watermark, unreadable text, random logos, warped hands or objects, duplicated subjects, messy background, low-resolution artifacts, unwanted typography","images/ui-mockups/ui-mockups-005-team-kanban.svg","https://gptimg2.art/"
"ui-mockups-006","Recipe App","ui-mockups","UI Mockups","mobile app mockup","advanced","1:1 or 16:9","Create a mobile app mockup that looks like a product team could ship it tomorrow.

The interface concept is a cooking app screen with ingredients, timer, and nutrition card. Show believable navigation, hierarchy, cards, controls, and empty states without filling the screen with tiny unreadable labels.

Art direction: polished, practical, visually specific, and suitable for a public prompt library.

Avoid: warped geometry, random logos, accidental text, duplicated objects, messy backgrounds, watermark, and low-resolution artifacts.","watermark, unreadable text, random logos, warped hands or objects, duplicated subjects, messy background, low-resolution artifacts, unwanted typography","images/ui-mockups/ui-mockups-006-recipe-app.svg","https://gptimg2.art/"
"ui-mockups-007","Music Dashboard","ui-mockups","UI Mockups","creator platform concept","easy","1:1 or 16:9","Create a creator platform concept that looks like a product team could ship it tomorrow.

The interface concept is an artist dashboard with stream analytics and playlist placements. Show believable navigation, hierarchy, cards, controls, and empty states without filling the screen with tiny unreadable labels.

Art direction: polished, practical, visually specific, and suitable for a public prompt library.

Avoid: warped geometry, random logos, accidental text, duplicated objects, messy backgrounds, watermark, and low-resolution artifacts.","watermark, unreadable text, random logos, warped hands or objects, duplicated subjects, messy background, low-resolution artifacts, unwanted typography","images/ui-mockups/ui-mockups-007-music-dashboard.svg","https://gptimg2.art/"
"ui-mockups-008","Learning Portal","ui-mockups","UI Mockups","education SaaS visual","medium","1:1 or 16:9","Create an education SaaS visual that looks like a product team could ship it tomorrow.

The interface concept is an online course dashboard with progress rings and lesson cards. Show believable navigation, hierarchy, cards, controls, and empty states without filling the screen with tiny unreadable labels.

Art direction: polished, practical, visually specific, and suitable for a public prompt library.

Avoid: warped geometry, random logos, accidental text, duplicated objects, messy backgrounds, watermark, and low-resolution artifacts.","watermark, unreadable text, random logos, warped hands or objects, duplicated subjects, messy background, low-resolution artifacts, unwanted typography","images/ui-mockups/ui-mockups-008-learning-portal.svg","https://gptimg2.art/"
"reference-editing-001","Background Swap","reference-editing","Reference Image Editing","portrait background edit","easy","1:1 or 16:9","Edit the reference image for a portrait background edit while protecting the parts viewers would notice first.

The edit request is to replace a plain studio background with a sunlit modern apartment. Change only the requested attribute, preserve identity and geometry, and keep lighting, perspective, and edges physically plausible.

Art direction: polished, practical, visually specific, and suitable for a public prompt library.

Avoid: warped geometry, random logos, accidental text, duplicated objects, messy backgrounds, watermark, and low-resolution artifacts.","watermark, unreadable text, random logos, warped hands or objects, duplicated subjects, messy background, low-resolution artifacts, unwanted typography","images/reference-editing/reference-editing-001-background-swap.svg","https://gptimg2.art/"
"reference-editing-002","Outfit Change","reference-editing","Reference Image Editing","professional portrait edit","medium","1:1 or 16:9","Edit the reference image for a professional portrait edit while protecting the parts viewers would notice first.

The edit request is to change the outfit to a navy blazer and white shirt while preserving face and pose. Change only the requested attribute, preserve identity and geometry, and keep lighting, perspective, and edges physically plausible.

Art direction: polished, practical, visually specific, and suitable for a public prompt library.

Avoid: warped geometry, random logos, accidental text, duplicated objects, messy backgrounds, watermark, and low-resolution artifacts.","watermark, unreadable text, random logos, warped hands or objects, duplicated subjects, messy background, low-resolution artifacts, unwanted typography","images/reference-editing/reference-editing-002-outfit-change.svg","https://gptimg2.art/"
"reference-editing-003","Product Colorway","reference-editing","Reference Image Editing","SKU color variation","advanced","1:1 or 16:9","Edit the reference image for a SKU color variation while protecting the parts viewers would notice first.

The edit request is to turn the product shell from white to matte forest green. Change only the requested attribute, preserve identity and geometry, and keep lighting, perspective, and edges physically plausible.

Art direction: polished, practical, visually specific, and suitable for a public prompt library.

Avoid: warped geometry, random logos, accidental text, duplicated objects, messy backgrounds, watermark, and low-resolution artifacts.","watermark, unreadable text, random logos, warped hands or objects, duplicated subjects, messy background, low-resolution artifacts, unwanted typography","images/reference-editing/reference-editing-003-product-colorway.svg","https://gptimg2.art/"
"reference-editing-004","Lighting Upgrade","reference-editing","Reference Image Editing","photo enhancement","easy","1:1 or 16:9","Edit the reference image for a photo enhancement while protecting the parts viewers would notice first.

The edit request is to improve flat lighting into soft cinematic window light. Change only the requested attribute, preserve identity and geometry, and keep lighting, perspective, and edges physically plausible.

Art direction: polished, practical, visually specific, and suitable for a public prompt library.

Avoid: warped geometry, random logos, accidental text, duplicated objects, messy backgrounds, watermark, and low-resolution artifacts.","watermark, unreadable text, random logos, warped hands or objects, duplicated subjects, messy background, low-resolution artifacts, unwanted typography","images/reference-editing/reference-editing-004-lighting-upgrade.svg","https://gptimg2.art/"
"reference-editing-005","Clean Object Removal","reference-editing","Reference Image Editing","commercial cleanup","medium","1:1 or 16:9","Edit the reference image for a commercial cleanup while protecting the parts viewers would notice first.

The edit request is to remove stray cables and desk clutter from a product photo. Change only the requested attribute, preserve identity and geometry, and keep lighting, perspective, and edges physically plausible.

Art direction: polished, practical, visually specific, and suitable for a public prompt library.

Avoid: warped geometry, random logos, accidental text, duplicated objects, messy backgrounds, watermark, and low-resolution artifacts.","watermark, unreadable text, random logos, warped hands or objects, duplicated subjects, messy background, low-resolution artifacts, unwanted typography","images/reference-editing/reference-editing-005-clean-object-removal.svg","https://gptimg2.art/"
"reference-editing-006","Season Change","reference-editing","Reference Image Editing","environment edit","advanced","1:1 or 16:9","Edit the reference image for an environment edit while protecting the parts viewers would notice first.

The edit request is to change a summer street scene into early autumn while keeping architecture identical. Change only the requested attribute, preserve identity and geometry, and keep lighting, perspective, and edges physically plausible.

Art direction: polished, practical, visually specific, and suitable for a public prompt library.

Avoid: warped geometry, random logos, accidental text, duplicated objects, messy backgrounds, watermark, and low-resolution artifacts.","watermark, unreadable text, random logos, warped hands or objects, duplicated subjects, messy background, low-resolution artifacts, unwanted typography","images/reference-editing/reference-editing-006-season-change.svg","https://gptimg2.art/"
"reference-editing-007","Material Swap","reference-editing","Reference Image Editing","interior design edit","easy","1:1 or 16:9","Edit the reference image for an interior design edit while protecting the parts viewers would notice first.

The edit request is to change a plastic chair into walnut wood with the same shape. Change only the requested attribute, preserve identity and geometry, and keep lighting, perspective, and edges physically plausible.

Art direction: polished, practical, visually specific, and suitable for a public prompt library.

Avoid: warped geometry, random logos, accidental text, duplicated objects, messy backgrounds, watermark, and low-resolution artifacts.","watermark, unreadable text, random logos, warped hands or objects, duplicated subjects, messy background, low-resolution artifacts, unwanted typography","images/reference-editing/reference-editing-007-material-swap.svg","https://gptimg2.art/"
"reference-editing-008","Text Replacement","reference-editing","Reference Image Editing","localized marketing asset","medium","1:1 or 16:9","Edit the reference image for a localized marketing asset while protecting the parts viewers would notice first.

The edit request is to replace the poster headline while preserving layout and typography. Change only the requested attribute, preserve identity and geometry, and keep lighting, perspective, and edges physically plausible.

Art direction: polished, practical, visually specific, and suitable for a public prompt library.

Avoid: warped geometry, random logos, accidental text, duplicated objects, messy backgrounds, watermark, and low-resolution artifacts.","watermark, unreadable text, random logos, warped hands or objects, duplicated subjects, messy background, low-resolution artifacts, unwanted typography","images/reference-editing/reference-editing-008-text-replacement.svg","https://gptimg2.art/"
"ecommerce-mockups-001","Amazon Main Image","ecommerce-mockups","Ecommerce Mockups","marketplace listing","easy","1:1 or 16:9","Create a marketplace listing with the kind of clarity a shopper needs before clicking.

The commercial asset features a white-background product image for a compact desk organizer. Make the product easy to inspect, keep the background quiet, and use annotations only when they help the buying decision.

Art direction: polished, practical, visually specific, and suitable for a public prompt library.

Avoid: warped geometry, random logos, accidental text, duplicated objects, messy backgrounds, watermark, and low-resolution artifacts.","watermark, unreadable text, random logos, warped hands or objects, duplicated subjects, messy background, low-resolution artifacts, unwanted typography","images/ecommerce-mockups/ecommerce-mockups-001-amazon-main-image.svg","https://gptimg2.art/"
"ecommerce-mockups-002","Shopify Hero Set","ecommerce-mockups","Ecommerce Mockups","brand storefront","medium","1:1 or 16:9","Create a brand storefront with the kind of clarity a shopper needs before clicking.

The commercial asset features three product images for a skincare bundle on a soft pastel background. Make the product easy to inspect, keep the background quiet, and use annotations only when they help the buying decision.

Art direction: polished, practical, visually specific, and suitable for a public prompt library.

Avoid: warped geometry, random logos, accidental text, duplicated objects, messy backgrounds, watermark, and low-resolution artifacts.","watermark, unreadable text, random logos, warped hands or objects, duplicated subjects, messy background, low-resolution artifacts, unwanted typography","images/ecommerce-mockups/ecommerce-mockups-002-shopify-hero-set.svg","https://gptimg2.art/"
"ecommerce-mockups-003","Packaging Box","ecommerce-mockups","Ecommerce Mockups","packaging concept","advanced","1:1 or 16:9","Create a packaging concept with the kind of clarity a shopper needs before clicking.

The commercial asset features a recyclable kraft paper packaging box for organic tea. Make the product easy to inspect, keep the background quiet, and use annotations only when they help the buying decision.

Art direction: polished, practical, visually specific, and suitable for a public prompt library.

Avoid: warped geometry, random logos, accidental text, duplicated objects, messy backgrounds, watermark, and low-resolution artifacts.","watermark, unreadable text, random logos, warped hands or objects, duplicated subjects, messy background, low-resolution artifacts, unwanted typography","images/ecommerce-mockups/ecommerce-mockups-003-packaging-box.svg","https://gptimg2.art/"
"ecommerce-mockups-004","Before After Split","ecommerce-mockups","Ecommerce Mockups","conversion ad","easy","1:1 or 16:9","Create a conversion ad with the kind of clarity a shopper needs before clicking.

The commercial asset features a split comparison image for a cleaning product. Make the product easy to inspect, keep the background quiet, and use annotations only when they help the buying decision.

Art direction: polished, practical, visually specific, and suitable for a public prompt library.

Avoid: warped geometry, random logos, accidental text, duplicated objects, messy backgrounds, watermark, and low-resolution artifacts.","watermark, unreadable text, random logos, warped hands or objects, duplicated subjects, messy background, low-resolution artifacts, unwanted typography","images/ecommerce-mockups/ecommerce-mockups-004-before-after-split.svg","https://gptimg2.art/"
"ecommerce-mockups-005","Bundle Layout","ecommerce-mockups","Ecommerce Mockups","bundle listing","medium","1:1 or 16:9","Create a bundle listing with the kind of clarity a shopper needs before clicking.

The commercial asset features a neatly arranged bundle of notebook, pen, and desk accessories. Make the product easy to inspect, keep the background quiet, and use annotations only when they help the buying decision.

Art direction: polished, practical, visually specific, and suitable for a public prompt library.

Avoid: warped geometry, random logos, accidental text, duplicated objects, messy backgrounds, watermark, and low-resolution artifacts.","watermark, unreadable text, random logos, warped hands or objects, duplicated subjects, messy background, low-resolution artifacts, unwanted typography","images/ecommerce-mockups/ecommerce-mockups-005-bundle-layout.svg","https://gptimg2.art/"
"ecommerce-mockups-006","Lifestyle Shelf Shot","ecommerce-mockups","Ecommerce Mockups","lifestyle listing image","advanced","1:1 or 16:9","Create a lifestyle listing image with the kind of clarity a shopper needs before clicking.

The commercial asset features a home shelf scene featuring a minimalist candle jar. Make the product easy to inspect, keep the background quiet, and use annotations only when they help the buying decision.

Art direction: polished, practical, visually specific, and suitable for a public prompt library.

Avoid: warped geometry, random logos, accidental text, duplicated objects, messy backgrounds, watermark, and low-resolution artifacts.","watermark, unreadable text, random logos, warped hands or objects, duplicated subjects, messy background, low-resolution artifacts, unwanted typography","images/ecommerce-mockups/ecommerce-mockups-006-lifestyle-shelf-shot.svg","https://gptimg2.art/"
"ecommerce-mockups-007","Size Comparison","ecommerce-mockups","Ecommerce Mockups","listing infographic","easy","1:1 or 16:9","Create a listing infographic with the kind of clarity a shopper needs before clicking.

The commercial asset features a product scale comparison next to a phone and hand silhouette. Make the product easy to inspect, keep the background quiet, and use annotations only when they help the buying decision.

Art direction: polished, practical, visually specific, and suitable for a public prompt library.

Avoid: warped geometry, random logos, accidental text, duplicated objects, messy backgrounds, watermark, and low-resolution artifacts.","watermark, unreadable text, random logos, warped hands or objects, duplicated subjects, messy background, low-resolution artifacts, unwanted typography","images/ecommerce-mockups/ecommerce-mockups-007-size-comparison.svg","https://gptimg2.art/"
"ecommerce-mockups-008","Feature Callouts","ecommerce-mockups","Ecommerce Mockups","feature visual","medium","1:1 or 16:9","Create a feature visual with the kind of clarity a shopper needs before clicking.

The commercial asset features a product image with three clean annotation callouts. Make the product easy to inspect, keep the background quiet, and use annotations only when they help the buying decision.

Art direction: polished, practical, visually specific, and suitable for a public prompt library.

Avoid: warped geometry, random logos, accidental text, duplicated objects, messy backgrounds, watermark, and low-resolution artifacts.","watermark, unreadable text, random logos, warped hands or objects, duplicated subjects, messy background, low-resolution artifacts, unwanted typography","images/ecommerce-mockups/ecommerce-mockups-008-feature-callouts.svg","https://gptimg2.art/"
"social-covers-001","AI Prompt Guide Cover","social-covers","Social Covers","article cover","easy","16:9","Make an article cover with one idea, one focal point, and enough space for distribution crops.

The cover concept is a 16:9 blog cover about writing better AI image prompts. Use a bold focal point, editorial lighting, and a composition that works for both wide previews and cropped social feeds.

Art direction: polished, practical, visually specific, and suitable for a public prompt library.

Avoid: warped geometry, random logos, accidental text, duplicated objects, messy backgrounds, watermark, and low-resolution artifacts.","watermark, unreadable text, random logos, warped hands or objects, duplicated subjects, messy background, low-resolution artifacts, unwanted typography","images/social-covers/social-covers-001-ai-prompt-guide-cover.svg","https://gptimg2.art/"
"social-covers-002","Creator Toolkit Thumbnail","social-covers","Social Covers","video thumbnail","medium","16:9","Make a video thumbnail with one idea, one focal point, and enough space for distribution crops.

The cover concept is a YouTube-style thumbnail for a creator tools roundup. Use a bold focal point, editorial lighting, and a composition that works for both wide previews and cropped social feeds.

Art direction: polished, practical, visually specific, and suitable for a public prompt library.

Avoid: warped geometry, random logos, accidental text, duplicated objects, messy backgrounds, watermark, and low-resolution artifacts.","watermark, unreadable text, random logos, warped hands or objects, duplicated subjects, messy background, low-resolution artifacts, unwanted typography","images/social-covers/social-covers-002-creator-toolkit-thumbnail.svg","https://gptimg2.art/"
"social-covers-003","LinkedIn Carousel","social-covers","Social Covers","B2B social post","advanced","16:9","Make a B2B social post with one idea, one focal point, and enough space for distribution crops.

The cover concept is a professional carousel cover about product photography prompts. Use a bold focal point, editorial lighting, and a composition that works for both wide previews and cropped social feeds.

Art direction: polished, practical, visually specific, and suitable for a public prompt library.

Avoid: warped geometry, random logos, accidental text, duplicated objects, messy backgrounds, watermark, and low-resolution artifacts.","watermark, unreadable text, random logos, warped hands or objects, duplicated subjects, messy background, low-resolution artifacts, unwanted typography","images/social-covers/social-covers-003-linkedin-carousel.svg","https://gptimg2.art/"
"social-covers-004","Newsletter Header","social-covers","Social Covers","email header","easy","16:9","Make an email header with one idea, one focal point, and enough space for distribution crops.

The cover concept is an editorial newsletter header for creative AI workflows. Use a bold focal point, editorial lighting, and a composition that works for both wide previews and cropped social feeds.

Art direction: polished, practical, visually specific, and suitable for a public prompt library.

Avoid: warped geometry, random logos, accidental text, duplicated objects, messy backgrounds, watermark, and low-resolution artifacts.","watermark, unreadable text, random logos, warped hands or objects, duplicated subjects, messy background, low-resolution artifacts, unwanted typography","images/social-covers/social-covers-004-newsletter-header.svg","https://gptimg2.art/"
"social-covers-005","Twitter Card","social-covers","Social Covers","link preview image","medium","16:9","Make a link preview image with one idea, one focal point, and enough space for distribution crops.

The cover concept is a compact card for a prompt template collection. Use a bold focal point, editorial lighting, and a composition that works for both wide previews and cropped social feeds.

Art direction: polished, practical, visually specific, and suitable for a public prompt library.

Avoid: warped geometry, random logos, accidental text, duplicated objects, messy backgrounds, watermark, and low-resolution artifacts.","watermark, unreadable text, random logos, warped hands or objects, duplicated subjects, messy background, low-resolution artifacts, unwanted typography","images/social-covers/social-covers-005-twitter-card.svg","https://gptimg2.art/"
"social-covers-006","Podcast Cover","social-covers","Social Covers","podcast artwork","advanced","16:9","Make a podcast artwork with one idea, one focal point, and enough space for distribution crops.

The cover concept is a square podcast cover for a show about visual AI tools. Use a bold focal point, editorial lighting, and a composition that works for both wide previews and cropped social feeds.

Art direction: polished, practical, visually specific, and suitable for a public prompt library.

Avoid: warped geometry, random logos, accidental text, duplicated objects, messy backgrounds, watermark, and low-resolution artifacts.","watermark, unreadable text, random logos, warped hands or objects, duplicated subjects, messy background, low-resolution artifacts, unwanted typography","images/social-covers/social-covers-006-podcast-cover.svg","https://gptimg2.art/"
"social-covers-007","Case Study Header","social-covers","Social Covers","case study cover","easy","16:9","Make a case study cover with one idea, one focal point, and enough space for distribution crops.

The cover concept is a clean header for an ecommerce image generation case study. Use a bold focal point, editorial lighting, and a composition that works for both wide previews and cropped social feeds.

Art direction: polished, practical, visually specific, and suitable for a public prompt library.

Avoid: warped geometry, random logos, accidental text, duplicated objects, messy backgrounds, watermark, and low-resolution artifacts.","watermark, unreadable text, random logos, warped hands or objects, duplicated subjects, messy background, low-resolution artifacts, unwanted typography","images/social-covers/social-covers-007-case-study-header.svg","https://gptimg2.art/"
"social-covers-008","Launch Countdown","social-covers","Social Covers","campaign asset","medium","16:9","Make a campaign asset with one idea, one focal point, and enough space for distribution crops.

The cover concept is a bold social countdown graphic reading 3 DAYS TO LAUNCH. Use a bold focal point, editorial lighting, and a composition that works for both wide previews and cropped social feeds.

Art direction: polished, practical, visually specific, and suitable for a public prompt library.

Avoid: warped geometry, random logos, accidental text, duplicated objects, messy backgrounds, watermark, and low-resolution artifacts.","watermark, unreadable text, random logos, warped hands or objects, duplicated subjects, messy background, low-resolution artifacts, unwanted typography","images/social-covers/social-covers-008-launch-countdown.svg","https://gptimg2.art/"
"brand-visuals-001","Minimal Logo Mark","brand-visuals","Brand Visuals","logo exploration","easy","1:1 or 16:9","Explore a logo exploration that feels like the start of a coherent brand system, not a one-off graphic.

The brand exploration is a vector-friendly abstract mark for an AI design studio. Keep the visual language consistent enough to suggest a system: palette, shape logic, spacing, and tone should agree.

Art direction: polished, practical, visually specific, and suitable for a public prompt library.

Avoid: warped geometry, random logos, accidental text, duplicated objects, messy backgrounds, watermark, and low-resolution artifacts.","watermark, unreadable text, random logos, warped hands or objects, duplicated subjects, messy background, low-resolution artifacts, unwanted typography","images/brand-visuals/brand-visuals-001-minimal-logo-mark.svg","https://gptimg2.art/"
"brand-visuals-002","Brand Moodboard","brand-visuals","Brand Visuals","identity direction","medium","1:1 or 16:9","Explore an identity direction that feels like the start of a coherent brand system, not a one-off graphic.

The brand exploration is a moodboard for a calm productivity app brand. Keep the visual language consistent enough to suggest a system: palette, shape logic, spacing, and tone should agree.

Art direction: polished, practical, visually specific, and suitable for a public prompt library.

Avoid: warped geometry, random logos, accidental text, duplicated objects, messy backgrounds, watermark, and low-resolution artifacts.","watermark, unreadable text, random logos, warped hands or objects, duplicated subjects, messy background, low-resolution artifacts, unwanted typography","images/brand-visuals/brand-visuals-002-brand-moodboard.svg","https://gptimg2.art/"
"brand-visuals-003","Sticker Sheet","brand-visuals","Brand Visuals","community swag","advanced","1:1 or 16:9","Explore a community swag that feels like the start of a coherent brand system, not a one-off graphic.

The brand exploration is a playful sticker sheet for a creative toolkit brand. Keep the visual language consistent enough to suggest a system: palette, shape logic, spacing, and tone should agree.

Art direction: polished, practical, visually specific, and suitable for a public prompt library.

Avoid: warped geometry, random logos, accidental text, duplicated objects, messy backgrounds, watermark, and low-resolution artifacts.","watermark, unreadable text, random logos, warped hands or objects, duplicated subjects, messy background, low-resolution artifacts, unwanted typography","images/brand-visuals/brand-visuals-003-sticker-sheet.svg","https://gptimg2.art/"
"brand-visuals-004","Icon Set Preview","brand-visuals","Brand Visuals","product branding","easy","1:1 or 16:9","Explore a product branding that feels like the start of a coherent brand system, not a one-off graphic.

The brand exploration is a consistent set of eight app feature icons. Keep the visual language consistent enough to suggest a system: palette, shape logic, spacing, and tone should agree.

Art direction: polished, practical, visually specific, and suitable for a public prompt library.

Avoid: warped geometry, random logos, accidental text, duplicated objects, messy backgrounds, watermark, and low-resolution artifacts.","watermark, unreadable text, random logos, warped hands or objects, duplicated subjects, messy background, low-resolution artifacts, unwanted typography","images/brand-visuals/brand-visuals-004-icon-set-preview.svg","https://gptimg2.art/"
"brand-visuals-005","Mascot Concept","brand-visuals","Brand Visuals","brand character","medium","1:1 or 16:9","Explore a brand character that feels like the start of a coherent brand system, not a one-off graphic.

The brand exploration is a friendly abstract assistant mascot for a design tool. Keep the visual language consistent enough to suggest a system: palette, shape logic, spacing, and tone should agree.

Art direction: polished, practical, visually specific, and suitable for a public prompt library.

Avoid: warped geometry, random logos, accidental text, duplicated objects, messy backgrounds, watermark, and low-resolution artifacts.","watermark, unreadable text, random logos, warped hands or objects, duplicated subjects, messy background, low-resolution artifacts, unwanted typography","images/brand-visuals/brand-visuals-005-mascot-concept.svg","https://gptimg2.art/"
"brand-visuals-006","Packaging Pattern","brand-visuals","Brand Visuals","brand pattern","advanced","1:1 or 16:9","Explore a brand pattern that feels like the start of a coherent brand system, not a one-off graphic.

The brand exploration is a repeatable pattern for boutique stationery packaging. Keep the visual language consistent enough to suggest a system: palette, shape logic, spacing, and tone should agree.

Art direction: polished, practical, visually specific, and suitable for a public prompt library.

Avoid: warped geometry, random logos, accidental text, duplicated objects, messy backgrounds, watermark, and low-resolution artifacts.","watermark, unreadable text, random logos, warped hands or objects, duplicated subjects, messy background, low-resolution artifacts, unwanted typography","images/brand-visuals/brand-visuals-006-packaging-pattern.svg","https://gptimg2.art/"
"brand-visuals-007","Ad Campaign Key Visual","brand-visuals","Brand Visuals","marketing concept","easy","1:1 or 16:9","Explore a marketing concept that feels like the start of a coherent brand system, not a one-off graphic.

The brand exploration is a key visual for a premium AI image editor campaign. Keep the visual language consistent enough to suggest a system: palette, shape logic, spacing, and tone should agree.

Art direction: polished, practical, visually specific, and suitable for a public prompt library.

Avoid: warped geometry, random logos, accidental text, duplicated objects, messy backgrounds, watermark, and low-resolution artifacts.","watermark, unreadable text, random logos, warped hands or objects, duplicated subjects, messy background, low-resolution artifacts, unwanted typography","images/brand-visuals/brand-visuals-007-ad-campaign-key-visual.svg","https://gptimg2.art/"
"brand-visuals-008","Style Tile","brand-visuals","Brand Visuals","brand system preview","medium","1:1 or 16:9","Explore a brand system preview that feels like the start of a coherent brand system, not a one-off graphic.

The brand exploration is a style tile showing colors, type, textures, and buttons. Keep the visual language consistent enough to suggest a system: palette, shape logic, spacing, and tone should agree.

Art direction: polished, practical, visually specific, and suitable for a public prompt library.

Avoid: warped geometry, random logos, accidental text, duplicated objects, messy backgrounds, watermark, and low-resolution artifacts.","watermark, unreadable text, random logos, warped hands or objects, duplicated subjects, messy background, low-resolution artifacts, unwanted typography","images/brand-visuals/brand-visuals-008-style-tile.svg","https://gptimg2.art/"
"infographics-001","Prompt Anatomy","infographics","Infographics","educational diagram","easy","1:1 or 16:9","Create an educational diagram that explains the idea at a glance before asking the viewer to read details.

The explainer subject is an infographic explaining subject, composition, style, details, and constraints. Use clear sections, short labels, strong hierarchy, and visual grouping so the viewer understands the flow quickly.

Art direction: polished, practical, visually specific, and suitable for a public prompt library.

Avoid: warped geometry, random logos, accidental text, duplicated objects, messy backgrounds, watermark, and low-resolution artifacts.","watermark, unreadable text, random logos, warped hands or objects, duplicated subjects, messy background, low-resolution artifacts, unwanted typography","images/infographics/infographics-001-prompt-anatomy.svg","https://gptimg2.art/"
"infographics-002","Workflow Ladder","infographics","Infographics","process infographic","medium","1:1 or 16:9","Create a process infographic that explains the idea at a glance before asking the viewer to read details.

The explainer subject is a step-by-step visual workflow from brief to final image. Use clear sections, short labels, strong hierarchy, and visual grouping so the viewer understands the flow quickly.

Art direction: polished, practical, visually specific, and suitable for a public prompt library.

Avoid: warped geometry, random logos, accidental text, duplicated objects, messy backgrounds, watermark, and low-resolution artifacts.","watermark, unreadable text, random logos, warped hands or objects, duplicated subjects, messy background, low-resolution artifacts, unwanted typography","images/infographics/infographics-002-workflow-ladder.svg","https://gptimg2.art/"
"infographics-003","Model Comparison","infographics","Infographics","analysis graphic","advanced","1:1 or 16:9","Create an analysis graphic that explains the idea at a glance before asking the viewer to read details.

The explainer subject is a comparison chart for image generation use cases. Use clear sections, short labels, strong hierarchy, and visual grouping so the viewer understands the flow quickly.

Art direction: polished, practical, visually specific, and suitable for a public prompt library.

Avoid: warped geometry, random logos, accidental text, duplicated objects, messy backgrounds, watermark, and low-resolution artifacts.","watermark, unreadable text, random logos, warped hands or objects, duplicated subjects, messy background, low-resolution artifacts, unwanted typography","images/infographics/infographics-003-model-comparison.svg","https://gptimg2.art/"
"infographics-004","Creative Brief Map","infographics","Infographics","guide illustration","easy","1:1 or 16:9","Create a guide illustration that explains the idea at a glance before asking the viewer to read details.

The explainer subject is a mind map for turning vague ideas into image prompts. Use clear sections, short labels, strong hierarchy, and visual grouping so the viewer understands the flow quickly.

Art direction: polished, practical, visually specific, and suitable for a public prompt library.

Avoid: warped geometry, random logos, accidental text, duplicated objects, messy backgrounds, watermark, and low-resolution artifacts.","watermark, unreadable text, random logos, warped hands or objects, duplicated subjects, messy background, low-resolution artifacts, unwanted typography","images/infographics/infographics-004-creative-brief-map.svg","https://gptimg2.art/"
"infographics-005","Ecommerce Funnel","infographics","Infographics","marketing diagram","medium","1:1 or 16:9","Create a marketing diagram that explains the idea at a glance before asking the viewer to read details.

The explainer subject is an infographic showing product image types across a sales funnel. Use clear sections, short labels, strong hierarchy, and visual grouping so the viewer understands the flow quickly.

Art direction: polished, practical, visually specific, and suitable for a public prompt library.

Avoid: warped geometry, random logos, accidental text, duplicated objects, messy backgrounds, watermark, and low-resolution artifacts.","watermark, unreadable text, random logos, warped hands or objects, duplicated subjects, messy background, low-resolution artifacts, unwanted typography","images/infographics/infographics-005-ecommerce-funnel.svg","https://gptimg2.art/"
"infographics-006","Editing Checklist","infographics","Infographics","QA guide","advanced","1:1 or 16:9","Create a QA guide that explains the idea at a glance before asking the viewer to read details.

The explainer subject is a checklist visual for reference image editing quality control. Use clear sections, short labels, strong hierarchy, and visual grouping so the viewer understands the flow quickly.

Art direction: polished, practical, visually specific, and suitable for a public prompt library.

Avoid: warped geometry, random logos, accidental text, duplicated objects, messy backgrounds, watermark, and low-resolution artifacts.","watermark, unreadable text, random logos, warped hands or objects, duplicated subjects, messy background, low-resolution artifacts, unwanted typography","images/infographics/infographics-006-editing-checklist.svg","https://gptimg2.art/"
"infographics-007","Prompt Matrix","infographics","Infographics","prompt education","easy","1:1 or 16:9","Create a prompt education that explains the idea at a glance before asking the viewer to read details.

The explainer subject is a matrix comparing style, lighting, camera, and constraints. Use clear sections, short labels, strong hierarchy, and visual grouping so the viewer understands the flow quickly.

Art direction: polished, practical, visually specific, and suitable for a public prompt library.

Avoid: warped geometry, random logos, accidental text, duplicated objects, messy backgrounds, watermark, and low-resolution artifacts.","watermark, unreadable text, random logos, warped hands or objects, duplicated subjects, messy background, low-resolution artifacts, unwanted typography","images/infographics/infographics-007-prompt-matrix.svg","https://gptimg2.art/"
"infographics-008","Failure Modes","infographics","Infographics","training graphic","medium","1:1 or 16:9","Create a training graphic that explains the idea at a glance before asking the viewer to read details.

The explainer subject is a visual chart of common AI image generation mistakes. Use clear sections, short labels, strong hierarchy, and visual grouping so the viewer understands the flow quickly.

Art direction: polished, practical, visually specific, and suitable for a public prompt library.

Avoid: warped geometry, random logos, accidental text, duplicated objects, messy backgrounds, watermark, and low-resolution artifacts.","watermark, unreadable text, random logos, warped hands or objects, duplicated subjects, messy background, low-resolution artifacts, unwanted typography","images/infographics/infographics-008-failure-modes.svg","https://gptimg2.art/"
"character-design-001","Mascot Sheet","character-design","Character Design","character reference","easy","1:1 or 16:9","Create a character reference with a character identity that could be reused across a larger set.

The character concept is a full character sheet for a friendly AI studio mascot. Keep proportions, silhouette, palette, and personality stable so it feels like the same character across uses.

Art direction: polished, practical, visually specific, and suitable for a public prompt library.

Avoid: warped geometry, random logos, accidental text, duplicated objects, messy backgrounds, watermark, and low-resolution artifacts.","watermark, unreadable text, random logos, warped hands or objects, duplicated subjects, messy background, low-resolution artifacts, unwanted typography","images/character-design/character-design-001-mascot-sheet.svg","https://gptimg2.art/"
"character-design-002","Pose Variations","character-design","Character Design","animation reference","medium","1:1 or 16:9","Create an animation reference with a character identity that could be reused across a larger set.

The character concept is the same character in six distinct poses. Keep proportions, silhouette, palette, and personality stable so it feels like the same character across uses.

Art direction: polished, practical, visually specific, and suitable for a public prompt library.

Avoid: warped geometry, random logos, accidental text, duplicated objects, messy backgrounds, watermark, and low-resolution artifacts.","watermark, unreadable text, random logos, warped hands or objects, duplicated subjects, messy background, low-resolution artifacts, unwanted typography","images/character-design/character-design-002-pose-variations.svg","https://gptimg2.art/"
"character-design-003","Outfit Sheet","character-design","Character Design","fashion concept","advanced","1:1 or 16:9","Create a fashion concept with a character identity that could be reused across a larger set.

The character concept is a character wearing four seasonal outfits. Keep proportions, silhouette, palette, and personality stable so it feels like the same character across uses.

Art direction: polished, practical, visually specific, and suitable for a public prompt library.

Avoid: warped geometry, random logos, accidental text, duplicated objects, messy backgrounds, watermark, and low-resolution artifacts.","watermark, unreadable text, random logos, warped hands or objects, duplicated subjects, messy background, low-resolution artifacts, unwanted typography","images/character-design/character-design-003-outfit-sheet.svg","https://gptimg2.art/"
"character-design-004","Expression Grid","character-design","Character Design","emotion reference","easy","1:1 or 16:9","Create an emotion reference with a character identity that could be reused across a larger set.

The character concept is a grid of twelve facial expressions for one character. Keep proportions, silhouette, palette, and personality stable so it feels like the same character across uses.

Art direction: polished, practical, visually specific, and suitable for a public prompt library.

Avoid: warped geometry, random logos, accidental text, duplicated objects, messy backgrounds, watermark, and low-resolution artifacts.","watermark, unreadable text, random logos, warped hands or objects, duplicated subjects, messy background, low-resolution artifacts, unwanted typography","images/character-design/character-design-004-expression-grid.svg","https://gptimg2.art/"
"character-design-005","Game NPC","character-design","Character Design","game concept art","medium","1:1 or 16:9","Create a game concept art with a character identity that could be reused across a larger set.

The character concept is a stylized non-player character for a cozy management game. Keep proportions, silhouette, palette, and personality stable so it feels like the same character across uses.

Art direction: polished, practical, visually specific, and suitable for a public prompt library.

Avoid: warped geometry, random logos, accidental text, duplicated objects, messy backgrounds, watermark, and low-resolution artifacts.","watermark, unreadable text, random logos, warped hands or objects, duplicated subjects, messy background, low-resolution artifacts, unwanted typography","images/character-design/character-design-005-game-npc.svg","https://gptimg2.art/"
"character-design-006","Comic Hero","character-design","Character Design","comic concept","advanced","1:1 or 16:9","Create a comic concept with a character identity that could be reused across a larger set.

The character concept is a clean comic-style hero with cape, boots, and symbol. Keep proportions, silhouette, palette, and personality stable so it feels like the same character across uses.

Art direction: polished, practical, visually specific, and suitable for a public prompt library.

Avoid: warped geometry, random logos, accidental text, duplicated objects, messy backgrounds, watermark, and low-resolution artifacts.","watermark, unreadable text, random logos, warped hands or objects, duplicated subjects, messy background, low-resolution artifacts, unwanted typography","images/character-design/character-design-006-comic-hero.svg","https://gptimg2.art/"
"character-design-007","3D Toy Render","character-design","Character Design","toy concept","easy","1:1 or 16:9","Create a toy concept with a character identity that could be reused across a larger set.

The character concept is a collectible vinyl toy version of an original character. Keep proportions, silhouette, palette, and personality stable so it feels like the same character across uses.

Art direction: polished, practical, visually specific, and suitable for a public prompt library.

Avoid: warped geometry, random logos, accidental text, duplicated objects, messy backgrounds, watermark, and low-resolution artifacts.","watermark, unreadable text, random logos, warped hands or objects, duplicated subjects, messy background, low-resolution artifacts, unwanted typography","images/character-design/character-design-007-3d-toy-render.svg","https://gptimg2.art/"
"character-design-008","Chibi Sticker Pack","character-design","Character Design","social sticker pack","medium","1:1 or 16:9","Create a social sticker pack with a character identity that could be reused across a larger set.

The character concept is a set of chibi reaction stickers for one character. Keep proportions, silhouette, palette, and personality stable so it feels like the same character across uses.

Art direction: polished, practical, visually specific, and suitable for a public prompt library.

Avoid: warped geometry, random logos, accidental text, duplicated objects, messy backgrounds, watermark, and low-resolution artifacts.","watermark, unreadable text, random logos, warped hands or objects, duplicated subjects, messy background, low-resolution artifacts, unwanted typography","images/character-design/character-design-008-chibi-sticker-pack.svg","https://gptimg2.art/"
"style-transfer-001","Editorial Illustration","style-transfer","Style Transfer","style exploration","easy","1:1 or 16:9","Transform the idea into a style exploration while keeping the original structure easy to recognize.

The style-transfer target is turn a product concept into a clean editorial illustration. Preserve the core composition while changing the surface treatment, medium, and mood.

Art direction: polished, practical, visually specific, and suitable for a public prompt library.

Avoid: warped geometry, random logos, accidental text, duplicated objects, messy backgrounds, watermark, and low-resolution artifacts.","watermark, unreadable text, random logos, warped hands or objects, duplicated subjects, messy background, low-resolution artifacts, unwanted typography","images/style-transfer/style-transfer-001-editorial-illustration.svg","https://gptimg2.art/"
"style-transfer-002","Clay Render","style-transfer","Style Transfer","visual metaphor","medium","1:1 or 16:9","Transform the idea into a visual metaphor while keeping the original structure easy to recognize.

The style-transfer target is render a dashboard screen as a soft clay 3D scene. Preserve the core composition while changing the surface treatment, medium, and mood.

Art direction: polished, practical, visually specific, and suitable for a public prompt library.

Avoid: warped geometry, random logos, accidental text, duplicated objects, messy backgrounds, watermark, and low-resolution artifacts.","watermark, unreadable text, random logos, warped hands or objects, duplicated subjects, messy background, low-resolution artifacts, unwanted typography","images/style-transfer/style-transfer-002-clay-render.svg","https://gptimg2.art/"
"style-transfer-003","Risograph Poster","style-transfer","Style Transfer","print style","advanced","1:1 or 16:9","Transform the idea into a print style while keeping the original structure easy to recognize.

The style-transfer target is convert a social cover into a two-color risograph print. Preserve the core composition while changing the surface treatment, medium, and mood.

Art direction: polished, practical, visually specific, and suitable for a public prompt library.

Avoid: warped geometry, random logos, accidental text, duplicated objects, messy backgrounds, watermark, and low-resolution artifacts.","watermark, unreadable text, random logos, warped hands or objects, duplicated subjects, messy background, low-resolution artifacts, unwanted typography","images/style-transfer/style-transfer-003-risograph-poster.svg","https://gptimg2.art/"
"style-transfer-004","Blueprint Diagram","style-transfer","Style Transfer","technical visual","easy","1:1 or 16:9","Transform the idea into a technical visual while keeping the original structure easy to recognize.

The style-transfer target is turn a product photo into a technical blueprint drawing. Preserve the core composition while changing the surface treatment, medium, and mood.

Art direction: polished, practical, visually specific, and suitable for a public prompt library.

Avoid: warped geometry, random logos, accidental text, duplicated objects, messy backgrounds, watermark, and low-resolution artifacts.","watermark, unreadable text, random logos, warped hands or objects, duplicated subjects, messy background, low-resolution artifacts, unwanted typography","images/style-transfer/style-transfer-004-blueprint-diagram.svg","https://gptimg2.art/"
"style-transfer-005","Watercolor Scene","style-transfer","Style Transfer","travel art","medium","1:1 or 16:9","Transform the idea into a travel art while keeping the original structure easy to recognize.

The style-transfer target is convert a city photo into a soft watercolor travel postcard. Preserve the core composition while changing the surface treatment, medium, and mood.

Art direction: polished, practical, visually specific, and suitable for a public prompt library.

Avoid: warped geometry, random logos, accidental text, duplicated objects, messy backgrounds, watermark, and low-resolution artifacts.","watermark, unreadable text, random logos, warped hands or objects, duplicated subjects, messy background, low-resolution artifacts, unwanted typography","images/style-transfer/style-transfer-005-watercolor-scene.svg","https://gptimg2.art/"
"style-transfer-006","Pixel Art Object","style-transfer","Style Transfer","game asset","advanced","1:1 or 16:9","Transform the idea into a game asset while keeping the original structure easy to recognize.

The style-transfer target is turn a product into a crisp pixel art inventory icon. Preserve the core composition while changing the surface treatment, medium, and mood.

Art direction: polished, practical, visually specific, and suitable for a public prompt library.

Avoid: warped geometry, random logos, accidental text, duplicated objects, messy backgrounds, watermark, and low-resolution artifacts.","watermark, unreadable text, random logos, warped hands or objects, duplicated subjects, messy background, low-resolution artifacts, unwanted typography","images/style-transfer/style-transfer-006-pixel-art-object.svg","https://gptimg2.art/"
"style-transfer-007","Paper Cutout","style-transfer","Style Transfer","craft style","easy","1:1 or 16:9","Transform the idea into a craft style while keeping the original structure easy to recognize.

The style-transfer target is create a layered paper cutout version of a brand visual. Preserve the core composition while changing the surface treatment, medium, and mood.

Art direction: polished, practical, visually specific, and suitable for a public prompt library.

Avoid: warped geometry, random logos, accidental text, duplicated objects, messy backgrounds, watermark, and low-resolution artifacts.","watermark, unreadable text, random logos, warped hands or objects, duplicated subjects, messy background, low-resolution artifacts, unwanted typography","images/style-transfer/style-transfer-007-paper-cutout.svg","https://gptimg2.art/"
"style-transfer-008","Cinematic Still","style-transfer","Style Transfer","storyboard visual","medium","1:1 or 16:9","Transform the idea into a storyboard visual while keeping the original structure easy to recognize.

The style-transfer target is turn a simple concept into a cinematic film still. Preserve the core composition while changing the surface treatment, medium, and mood.

Art direction: polished, practical, visually specific, and suitable for a public prompt library.

Avoid: warped geometry, random logos, accidental text, duplicated objects, messy backgrounds, watermark, and low-resolution artifacts.","watermark, unreadable text, random logos, warped hands or objects, duplicated subjects, messy background, low-resolution artifacts, unwanted typography","images/style-transfer/style-transfer-008-cinematic-still.svg","https://gptimg2.art/"
